{
  "builtBy": "meteor/15",
  "unibuildDependencies": {
    "os.json": {
      "files": {
        "/Users/aarlaud/Documents/projects/ConnectedHiveDashboard/packages/npm-container/package.js": "89789984fd84efbdc376273749e33c0df7b790fb",
        "/Users/aarlaud/Documents/projects/ConnectedHiveDashboard/packages/npm-container/.npm/package/npm-shrinkwrap.json": "1b08ea234f40b3977b14c354e07fa5de67caaa71",
        "/Users/aarlaud/Documents/projects/ConnectedHiveDashboard/packages/npm-container/index.js": "034ee49f7f69f833b56a845ecb34ca9cda47623d",
        "/Users/aarlaud/Documents/projects/ConnectedHiveDashboard/packages.json": "396f03c49530c599ce2ec7e05bb7dd50000b8281"
      },
      "directories": []
    },
    "web.browser.json": {
      "files": {
        "/Users/aarlaud/Documents/projects/ConnectedHiveDashboard/packages/npm-container/package.js": "89789984fd84efbdc376273749e33c0df7b790fb",
        "/Users/aarlaud/Documents/projects/ConnectedHiveDashboard/packages/npm-container/.npm/package/npm-shrinkwrap.json": "1b08ea234f40b3977b14c354e07fa5de67caaa71"
      },
      "directories": []
    }
  },
  "pluginDependencies": {
    "files": {
      "/Users/aarlaud/Documents/projects/ConnectedHiveDashboard/packages/npm-container/package.js": "89789984fd84efbdc376273749e33c0df7b790fb"
    },
    "directories": []
  },
  "pluginProviderPackageMap": {
    "npm-container": {
      "kind": "local",
      "sourceRoot": "/Users/aarlaud/Documents/projects/ConnectedHiveDashboard/packages/npm-container"
    },
    "meteor": {
      "kind": "versioned",
      "version": "1.1.4"
    }
  },
  "includeCordovaUnibuild": false
}